RECCO,HA_22ND,HA22_G,HNO_FR,REFER1,POWER,POWER_ADJ,R_Z1,R_GATE1_Z,R_GATE1_P,R_SKIP_G_LE2,R_DEL_STEP1_ROW,X_R,Z1,GATE1_Z,GATE1_P,DEL_STEP1,SKIP_G_LE2,X_R2,N_ROUND,MEDIAN_AA2,MAD_AA2,Z2,P80_AA2,GATE2_Z,GATE2_P,DEL_STEP2,SKIP_N_ROUND_LT3,X_C,N_ROUND_HR,MEDIAN_C,MAD_C,Z_C,P80_C,HR_GATE_Z,HR_GATE_P,HR_DEL,POOR_LOCAL,RANO_FR
14605,AMAZING AWARD (J236),1,1,1,2.91,0.9522,-0.194078947,0,0,0,0,1.3,-0.72,0,0,0,0,1.3,23,1.19,2.65,0.04,2.65,0,0,0,0,0.94,23,-0.73,2.22,0.76,1.54,0,0,0,0,25092104
15441,CAPITAL LEGEND (G333),1,1,1,3.83,2.0252,0.108552632,0,0,0,0,1.3,-0.72,0,0,0,0,1.3,23,1.19,2.65,0.04,2.65,0,0,0,0,0.94,23,-0.73,2.22,0.76,1.54,0,0,0,0,25092104
16247,FIGHT TIME (H409),1,1,1,-1.98,-3.6953,-1.802631579,0,0,0,0,1.3,-0.72,0,0,0,0,1.3,23,1.19,2.65,0.04,2.65,0,0,0,0,0.94,23,-0.73,2.22,0.76,1.54,0,0,0,0,25092104
7804,HAROLD WIN (J280),1,1,1,-3.42,-5.2426,-2.276315789,0,0,0,0,1.3,-0.72,0,0,0,0,1.3,23,1.19,2.65,0.04,2.65,0,0,0,0,0.94,23,-0.73,2.22,0.76,1.54,0,0,0,0,25092104
14036,ICONICAL (J504),1,1,1,1.3,-0.2733,-0.723684211,0,0,0,0,1.3,-0.72,0,0,0,0,1.3,23,1.19,2.65,0.04,2.65,0,0,0,0,0.94,23,-0.73,2.22,0.76,1.54,0,0,0,0,25092104
14625,IVY LEAGUE (H116),1,1,1,-5.05,-6.9514,-2.8125,0,0,0,0,1.3,-0.72,0,0,0,0,1.3,23,1.19,2.65,0.04,2.65,0,0,0,0,0.94,23,-0.73,2.22,0.76,1.54,0,0,0,0,25092104
14112,MEEPMEEP (H234),1,1,1,-1.8,-2.8813,-1.743421053,0,0,0,0,1.3,-0.72,0,0,0,0,1.3,23,1.19,2.65,0.04,2.65,0,0,0,0,0.94,23,-0.73,2.22,0.76,1.54,0,0,0,0,25092104
13219,MONARCH COUNTY (J421),1,1,1,-2.14,-3.9833,-1.855263158,0,0,0,0,1.3,-0.72,0,0,0,0,1.3,23,1.19,2.65,0.04,2.65,0,0,0,0,0.94,23,-0.73,2.22,0.76,1.54,0,0,0,0,25092104
7838,PRESTIGE ALWAYS (J300),1,1,1,3.04,1.3357,-0.151315789,0,0,0,0,1.3,-0.72,0,0,0,0,1.3,23,1.19,2.65,0.04,2.65,0,0,0,0,0.94,23,-0.73,2.22,0.76,1.54,0,0,0,0,25092104
10611,SIGHT SUPREME (J258),1,1,1,2.04,0.1053,-0.480263158,0,0,0,0,1.3,-0.72,0,0,0,0,1.3,23,1.19,2.65,0.04,2.65,0,0,0,0,0.94,23,-0.73,2.22,0.76,1.54,0,0,0,0,25092104
10643,SIGHT SUPREME (J258),1,1,1,10.92,8.9853,2.440789474,0,1,0,1,1.3,-0.72,0,0,0,0,1.3,23,1.19,2.65,0.04,2.65,0,0,0,0,0.94,23,-0.73,2.22,0.76,1.54,0,0,0,0,25092104
10750,SKY JOY (K026),1,1,1,-2.67,-3.419,-2.029605263,0,0,0,0,1.3,-0.72,0,0,0,0,1.3,23,1.19,2.65,0.04,2.65,0,0,0,0,0.94,23,-0.73,2.22,0.76,1.54,0,0,0,0,25092104
11142,SOLID WIN (J225),1,1,1,4.95,3.034,0.476973684,0,0,0,0,1.3,-0.72,0,0,0,0,1.3,23,1.19,2.65,0.04,2.65,0,0,0,0,0.94,23,-0.73,2.22,0.76,1.54,0,0,0,0,25092104
13970,WITH A SMILE (K136),1,1,1,-3.56,-5.0113,-2.322368421,0,0,0,0,1.3,-0.72,0,0,0,0,1.3,23,1.19,2.65,0.04,2.65,0,0,0,0,0.94,23,-0.73,2.22,0.76,1.54,0,0,0,0,25092104
13956,WITH A SMILE (K136),1,1,1,5.39,3.9387,0.621710526,0,0,0,0,1.3,-0.72,0,0,0,0,1.3,23,1.19,2.65,0.04,2.65,0,0,0,0,0.94,23,-0.73,2.22,0.76,1.54,0,0,0,0,25092104
11755,AMAZING AWARD (J236),1,2,1,2.03,0.0722,-7.407407407,0,0,0,0,2.23,-6.74,0,0,0,0,2.23,19,0.74,1.5,1,1.74,0,1,1,0,0.96,19,-0.86,1.5,1.22,0.27,0,1,1,1,25092104
8822,D STAR (G374),1,2,1,2.36,1.9682,-6.185185185,0,0,0,0,2.23,-6.74,0,0,0,0,2.23,19,0.74,1.5,1,1.74,0,1,1,0,0.96,19,-0.86,1.5,1.22,0.27,0,1,1,1,25092104
11341,FIREFOOT (J183),1,2,1,1.05,0.4459,-11.03703704,0,0,0,0,2.23,-6.74,0,0,0,0,2.23,19,0.74,1.5,1,1.74,0,1,1,0,0.96,19,-0.86,1.5,1.22,0.27,0,1,1,1,25092104
16302,FOREVER FOLKS (G463),1,2,1,3.77,1.7684,-0.962962963,0,0,0,0,2.23,-6.74,0,0,0,0,2.23,19,0.74,1.5,1,1.74,0,1,1,0,0.96,19,-0.86,1.5,1.22,0.27,0,1,1,1,25092104
13867,HARMONY GALAXY (J266),1,2,1,2.41,1.3197,-6,0,0,0,0,2.23,-6.74,0,0,0,0,2.23,19,0.74,1.5,1,1.74,0,1,1,0,0.96,19,-0.86,1.5,1.22,0.27,0,1,1,1,25092104
9347,LUCKY TOUCH (J203),1,2,1,2.1,0.7655,-7.148148148,0,0,0,0,2.23,-6.74,0,0,0,0,2.23,19,0.74,1.5,1,1.74,0,1,1,0,0.96,19,-0.86,1.5,1.22,0.27,0,1,1,1,25092104
10599,SIGHT SUPREME (J258),1,2,1,-0.99,-2.9247,-18.59259259,0,0,0,0,2.23,-6.74,0,0,0,0,2.23,19,0.74,1.5,1,1.74,0,1,1,0,0.96,19,-0.86,1.5,1.22,0.27,0,1,1,1,25092104
16581,VIVA GRACIOUSNESS (J079),1,2,1,4.94,3.4412,3.37037037,1,1,0,1,2.23,-6.74,0,0,0,0,2.23,19,0.74,1.5,1,1.74,0,1,1,0,0.96,19,-0.86,1.5,1.22,0.27,0,1,1,1,25092104
9756,CHARMING LEGEND (K127),1,3,1,-4.3,-6.2973,-1.735191638,0,0,0,0,-2.16,-0.99,0,0,0,0,-2.16,9,2.54,3.45,-1.36,4.86,0,0,0,0,-2,12,1.38,3.78,-0.9,4.97,0,0,0,0,25092104
13796,GOOD LUCK BABE (K016),1,3,1,-1.11,-2.9851,-0.62369338,0,0,0,0,-2.16,-0.99,0,0,0,0,-2.16,9,2.54,3.45,-1.36,4.86,0,0,0,0,-2,12,1.38,3.78,-0.9,4.97,0,0,0,0,25092104
7797,HAROLD WIN (J280),1,3,1,-1.07,-2.8926,-0.609756098,0,0,0,0,-2.16,-0.99,0,0,0,0,-2.16,9,2.54,3.45,-1.36,4.86,0,0,0,0,-2,12,1.38,3.78,-0.9,4.97,0,0,0,0,25092104
9342,LUCKY TOUCH (J203),1,3,1,-3.98,-5.3145,-1.62369338,0,0,0,0,-2.16,-0.99,0,0,0,0,-2.16,9,2.54,3.45,-1.36,4.86,0,0,0,0,-2,12,1.38,3.78,-0.9,4.97,0,0,0,0,25092104
15239,MASTEROFMYUNIVERSE (J325),1,3,1,-4.45,-6.4493,-1.787456446,0,0,0,0,-2.16,-0.99,0,0,0,0,-2.16,9,2.54,3.45,-1.36,4.86,0,0,0,0,-2,12,1.38,3.78,-0.9,4.97,0,0,0,0,25092104
7846,PRESTIGE ALWAYS (J300),1,3,1,2.11,0.4057,0.49825784,0,1,0,1,-2.16,-0.99,0,0,0,0,-2.16,9,2.54,3.45,-1.36,4.86,0,0,0,0,-2,12,1.38,3.78,-0.9,4.97,0,0,0,0,25092104
11993,SUNSTRIDER (J168),1,3,1,-0.06,-1.8853,-0.257839721,0,0,0,0,-2.16,-0.99,0,0,0,0,-2.16,9,2.54,3.45,-1.36,4.86,0,0,0,0,-2,12,1.38,3.78,-0.9,4.97,0,0,0,0,25092104
10940,THE AZURE (J227),1,3,1,-3.2,-4.7793,-1.351916376,0,0,0,0,-2.16,-0.99,0,0,0,0,-2.16,9,2.54,3.45,-1.36,4.86,0,0,0,0,-2,12,1.38,3.78,-0.9,4.97,0,0,0,0,25092104
13490,CALIFORNIA STAR (J123),1,4,1,-3,-4.1963,-3.49137931,0,0,0,0,-2.99,-3.49,0,0,0,0,-2.99,22,0.78,2.04,-1.85,2.17,0,0,0,0,-2.08,24,-0.09,2.13,-0.93,1.73,0,0,0,0,25092104
11122,DEVAS TWELVE (H435),1,4,1,4.09,2.4397,2.620689655,1,1,0,1,-2.99,-3.49,0,0,0,0,-2.99,22,0.78,2.04,-1.85,2.17,0,0,0,0,-2.08,24,-0.09,2.13,-0.93,1.73,0,0,0,0,25092104
14578,GOKO WIN (H069),1,4,1,-5.24,-7.0635,-5.422413793,0,0,0,0,-2.99,-3.49,0,0,0,0,-2.99,22,0.78,2.04,-1.85,2.17,0,0,0,0,-2.08,24,-0.09,2.13,-0.93,1.73,0,0,0,0,25092104
11051,JOLLY COMPANION (H454),1,4,1,3.53,1.4422,2.137931034,0,1,0,1,-2.99,-3.49,0,0,0,0,-2.99,22,0.78,2.04,-1.85,2.17,0,0,0,0,-2.08,24,-0.09,2.13,-0.93,1.73,0,0,0,0,25092104
12811,LUCKY FIONN (J047),1,4,1,0.62,-1.2887,-0.370689655,0,0,0,0,-2.99,-3.49,0,0,0,0,-2.99,22,0.78,2.04,-1.85,2.17,0,0,0,0,-2.08,24,-0.09,2.13,-0.93,1.73,0,0,0,0,25092104
12812,LUCKY FIONN (J047),1,4,1,2.11,0.2013,0.913793103,0,1,0,1,-2.99,-3.49,0,0,0,0,-2.99,22,0.78,2.04,-1.85,2.17,0,0,0,0,-2.08,24,-0.09,2.13,-0.93,1.73,0,0,0,0,25092104
15352,PERFECTDAY (K238),1,4,1,1.36,-0.1935,0.267241379,0,0,0,0,-2.99,-3.49,0,0,0,0,-2.99,22,0.78,2.04,-1.85,2.17,0,0,0,0,-2.08,24,-0.09,2.13,-0.93,1.73,0,0,0,0,25092104
15061,SHAMUS STORM (K031),1,4,1,1.8,-0.2846,0.646551724,0,0,0,0,-2.99,-3.49,0,0,0,0,-2.99,22,0.78,2.04,-1.85,2.17,0,0,0,0,-2.08,24,-0.09,2.13,-0.93,1.73,0,0,0,0,25092104
11631,SKY JOY (K026),1,4,1,-2.97,-3.719,-3.465517241,0,0,0,0,-2.99,-3.49,0,0,0,0,-2.99,22,0.78,2.04,-1.85,2.17,0,0,0,0,-2.08,24,-0.09,2.13,-0.93,1.73,0,0,0,0,25092104
8761,SMART FIGHTER (H278),1,4,1,-5.46,-7.2655,-5.612068966,0,0,0,0,-2.99,-3.49,0,0,0,0,-2.99,22,0.78,2.04,-1.85,2.17,0,0,0,0,-2.08,24,-0.09,2.13,-0.93,1.73,0,0,0,0,25092104
9411,STREET CONQUEROR (H341),1,4,1,-3.66,-5.6522,-4.060344828,0,0,0,0,-2.99,-3.49,0,0,0,0,-2.99,22,0.78,2.04,-1.85,2.17,0,0,0,0,-2.08,24,-0.09,2.13,-0.93,1.73,0,0,0,0,25092104
8639,SUNNY DARLING (J171),1,4,1,-6.08,-8.036,-6.146551724,0,0,0,0,-2.99,-3.49,0,0,0,0,-2.99,22,0.78,2.04,-1.85,2.17,0,0,0,0,-2.08,24,-0.09,2.13,-0.93,1.73,0,0,0,0,25092104
14807,SURE JOYFUL (G125),1,4,1,1.55,0.0557,0.431034483,0,0,0,0,-2.99,-3.49,0,0,0,0,-2.99,22,0.78,2.04,-1.85,2.17,0,0,0,0,-2.08,24,-0.09,2.13,-0.93,1.73,0,0,0,0,25092104
7421,SWEET BRIAR (H044),1,4,1,-4.9,-6.7141,-5.129310345,0,0,0,0,-2.99,-3.49,0,0,0,0,-2.99,22,0.78,2.04,-1.85,2.17,0,0,0,0,-2.08,24,-0.09,2.13,-0.93,1.73,0,0,0,0,25092104
7426,SWEET BRIAR (H044),1,4,1,-3.29,-5.1041,-3.74137931,0,0,0,0,-2.99,-3.49,0,0,0,0,-2.99,22,0.78,2.04,-1.85,2.17,0,0,0,0,-2.08,24,-0.09,2.13,-0.93,1.73,0,0,0,0,25092104
16128,YOU'REMYEVERYTHING (E413),1,4,1,-3.92,-5.9963,-4.284482759,0,0,0,0,-2.99,-3.49,0,0,0,0,-2.99,22,0.78,2.04,-1.85,2.17,0,0,0,0,-2.08,24,-0.09,2.13,-0.93,1.73,0,0,0,0,25092104
14608,AMAZING AWARD (J236),1,5,1,4.9,2.9422,-0.455357143,0,0,0,0,3.29,-1.17,0,0,0,0,3.29,7,3.29,0.64,0,5.66,0,0,0,0,2.97,8,2.15,1.86,0.44,3.55,0,0,0,0,25092104
15440,CAPITAL LEGEND (G333),1,5,1,5.82,4.0152,-0.044642857,0,0,0,0,3.29,-1.17,0,0,0,0,3.29,7,3.29,0.64,0,5.66,0,0,0,0,2.97,8,2.15,1.86,0.44,3.55,0,0,0,0,25092104
16245,FIGHT TIME (H409),1,5,1,0.01,-1.7053,-2.638392857,0,0,0,0,3.29,-1.17,0,0,0,0,3.29,7,3.29,0.64,0,5.66,0,0,0,0,2.97,8,2.15,1.86,0.44,3.55,0,0,0,0,25092104
13888,HARMONY GALAXY (J266),1,5,1,8.19,7.0997,1.013392857,0,1,0,1,3.29,-1.17,0,0,0,0,3.29,7,3.29,0.64,0,5.66,0,0,0,0,2.97,8,2.15,1.86,0.44,3.55,0,0,0,0,25092104
7802,HAROLD WIN (J280),1,5,1,-1.43,-3.2526,-3.28125,0,0,0,0,3.29,-1.17,0,0,0,0,3.29,7,3.29,0.64,0,5.66,0,0,0,0,2.97,8,2.15,1.86,0.44,3.55,0,0,0,0,25092104
14035,ICONICAL (J504),1,5,1,3.29,1.7167,-1.174107143,0,0,0,0,3.29,-1.17,0,0,0,0,3.29,7,3.29,0.64,0,5.66,0,0,0,0,2.97,8,2.15,1.86,0.44,3.55,0,0,0,0,25092104
14624,IVY LEAGUE (H116),1,5,1,-3.06,-4.9614,-4.008928571,0,0,0,0,3.29,-1.17,0,0,0,0,3.29,7,3.29,0.64,0,5.66,0,0,0,0,2.97,8,2.15,1.86,0.44,3.55,0,0,0,0,25092104
14119,MEEPMEEP (H234),1,5,1,0.19,-0.8913,-2.558035714,0,0,0,0,3.29,-1.17,0,0,0,0,3.29,7,3.29,0.64,0,5.66,0,0,0,0,2.97,8,2.15,1.86,0.44,3.55,0,0,0,0,25092104
13220,MONARCH COUNTY (J421),1,5,1,-0.15,-1.9933,-2.709821429,0,0,0,0,3.29,-1.17,0,0,0,0,3.29,7,3.29,0.64,0,5.66,0,0,0,0,2.97,8,2.15,1.86,0.44,3.55,0,0,0,0,25092104
7837,PRESTIGE ALWAYS (J300),1,5,1,5.03,3.3257,-0.397321429,0,0,0,0,3.29,-1.17,0,0,0,0,3.29,7,3.29,0.64,0,5.66,0,0,0,0,2.97,8,2.15,1.86,0.44,3.55,0,0,0,0,25092104
10607,SIGHT SUPREME (J258),1,5,1,4.03,2.0953,-0.84375,0,0,0,0,3.29,-1.17,0,0,0,0,3.29,7,3.29,0.64,0,5.66,0,0,0,0,2.97,8,2.15,1.86,0.44,3.55,0,0,0,0,25092104
10638,SIGHT SUPREME (J258),1,5,1,12.91,10.9753,3.120535714,1,1,0,1,3.29,-1.17,0,0,0,0,3.29,7,3.29,0.64,0,5.66,0,0,0,0,2.97,8,2.15,1.86,0.44,3.55,0,0,0,0,25092104
10751,SKY JOY (K026),1,5,1,-0.68,-1.429,-2.946428571,0,0,0,0,3.29,-1.17,0,0,0,0,3.29,7,3.29,0.64,0,5.66,0,0,0,0,2.97,8,2.15,1.86,0.44,3.55,0,0,0,0,25092104
11143,SOLID WIN (J225),1,5,1,6.94,5.024,0.455357143,0,0,0,0,3.29,-1.17,0,0,0,0,3.29,7,3.29,0.64,0,5.66,0,0,0,0,2.97,8,2.15,1.86,0.44,3.55,0,0,0,0,25092104
10943,THE AZURE (J227),1,5,1,3.08,1.5007,-1.267857143,0,0,0,0,3.29,-1.17,0,0,0,0,3.29,7,3.29,0.64,0,5.66,0,0,0,0,2.97,8,2.15,1.86,0.44,3.55,0,0,0,0,25092104
13973,WITH A SMILE (K136),1,5,1,-1.57,-3.0213,-3.34375,0,0,0,0,3.29,-1.17,0,0,0,0,3.29,7,3.29,0.64,0,5.66,0,0,0,0,2.97,8,2.15,1.86,0.44,3.55,0,0,0,0,25092104
13957,WITH A SMILE (K136),1,5,1,7.38,5.9287,0.651785714,0,0,0,0,3.29,-1.17,0,0,0,0,3.29,7,3.29,0.64,0,5.66,0,0,0,0,2.97,8,2.15,1.86,0.44,3.55,0,0,0,0,25092104
12939,EXCELLENCE VALUE (K093),1,6,1,6.7,4.7207,1.643410853,0,1,0,1,2.91,-1.29,0,0,0,0,2.91,21,2.09,2.97,0.28,4.54,0,0,0,0,1.56,21,0.72,1.32,0.64,2.94,0,0,0,0,25092104
13792,GOOD LUCK BABE (K016),1,6,1,-0.86,-2.7351,-4.217054264,0,0,0,0,2.91,-1.29,0,0,0,0,2.91,21,2.09,2.97,0.28,4.54,0,0,0,0,1.56,21,0.72,1.32,0.64,2.94,0,0,0,0,25092104
13887,HARMONY GALAXY (J266),1,6,1,-3.78,-4.8703,-6.480620155,0,0,0,0,2.91,-1.29,0,0,0,0,2.91,21,2.09,2.97,0.28,4.54,0,0,0,0,1.56,21,0.72,1.32,0.64,2.94,0,0,0,0,25092104
15553,KINGLY DEMEANOR (H486),1,6,1,4.52,2.6691,-0.046511628,0,0,0,0,2.91,-1.29,0,0,0,0,2.91,21,2.09,2.97,0.28,4.54,0,0,0,0,1.56,21,0.72,1.32,0.64,2.94,0,0,0,0,25092104
9668,LOVERO (H451),1,6,1,-2.98,-4.5128,-5.860465116,0,0,0,0,2.91,-1.29,0,0,0,0,2.91,21,2.09,2.97,0.28,4.54,0,0,0,0,1.56,21,0.72,1.32,0.64,2.94,0,0,0,0,25092104
9650,LOVERO (H451),1,6,1,2.91,1.3772,-1.294573643,0,0,0,0,2.91,-1.29,0,0,0,0,2.91,21,2.09,2.97,0.28,4.54,0,0,0,0,1.56,21,0.72,1.32,0.64,2.94,0,0,0,0,25092104
10529,MICKLEY (K082),1,6,1,-4.25,-6.2792,-6.84496124,0,0,0,0,2.91,-1.29,0,0,0,0,2.91,21,2.09,2.97,0.28,4.54,0,0,0,0,1.56,21,0.72,1.32,0.64,2.94,0,0,0,0,25092104
12916,NICE BIRDIE (G470),1,6,1,5.58,3.5479,0.775193798,0,1,0,1,2.91,-1.29,0,0,0,0,2.91,21,2.09,2.97,0.28,4.54,0,0,0,0,1.56,21,0.72,1.32,0.64,2.94,0,0,0,0,25092104
16222,VIVA GRACIOUSNESS (J079),1,6,1,6.86,5.3612,1.76744186,0,1,0,1,2.91,-1.29,0,0,0,0,2.91,21,2.09,2.97,0.28,4.54,0,0,0,0,1.56,21,0.72,1.32,0.64,2.94,0,0,0,0,25092104
13252,WINDICATOR FAMILY (H419),1,6,1,5.02,2.8875,0.341085271,0,0,0,0,2.91,-1.29,0,0,0,0,2.91,21,2.09,2.97,0.28,4.54,0,0,0,0,1.56,21,0.72,1.32,0.64,2.94,0,0,0,0,25092104
15678,WROTE A NEW PAGE (K226),1,6,1,2.73,0.8468,-1.434108527,0,0,0,0,2.91,-1.29,0,0,0,0,2.91,21,2.09,2.97,0.28,4.54,0,0,0,0,1.56,21,0.72,1.32,0.64,2.94,0,0,0,0,25092104
13270,ACE POWER (J181),1,7,1,-3.26,-5.0442,-4.45,0,0,0,0,2.08,0,0,0,0,0,2.08,18,1.37,2.03,0.35,2.74,0,0,0,0,-0.65,18,0.26,1.39,-0.66,0.87,0,0,0,0,25092104
14611,AMAZING AWARD (J236),1,7,1,3.34,1.3822,1.05,0,0,0,0,2.08,0,0,0,0,0,2.08,18,1.37,2.03,0.35,2.74,0,0,0,0,-0.65,18,0.26,1.39,-0.66,0.87,0,0,0,0,25092104
8865,CAPITAL LEGEND (G333),1,7,1,0.71,-1.0948,-1.141666667,0,0,0,0,2.08,0,0,0,0,0,2.08,18,1.37,2.03,0.35,2.74,0,0,0,0,-0.65,18,0.26,1.39,-0.66,0.87,0,0,0,0,25092104
15449,CAPITAL LEGEND (G333),1,7,1,0.97,-0.8348,-0.925,0,0,0,0,2.08,0,0,0,0,0,2.08,18,1.37,2.03,0.35,2.74,0,0,0,0,-0.65,18,0.26,1.39,-0.66,0.87,0,0,0,0,25092104
15450,CAPITAL LEGEND (G333),1,7,1,5.63,3.8252,2.958333333,1,1,0,1,2.08,0,0,0,0,0,2.08,18,1.37,2.03,0.35,2.74,0,0,0,0,-0.65,18,0.26,1.39,-0.66,0.87,0,0,0,0,25092104
16253,FIGHT TIME (H409),1,7,1,9.36,7.6447,6.066666667,1,1,0,1,2.08,0,0,0,0,0,2.08,18,1.37,2.03,0.35,2.74,0,0,0,0,-0.65,18,0.26,1.39,-0.66,0.87,0,0,0,0,25092104
9679,GUSTOSISIMO (J303),1,7,1,-4.84,-6.8504,-5.766666667,0,0,0,0,2.08,0,0,0,0,0,2.08,18,1.37,2.03,0.35,2.74,0,0,0,0,-0.65,18,0.26,1.39,-0.66,0.87,0,0,0,0,25092104
14623,IVY LEAGUE (H116),1,7,1,2.51,0.6086,0.358333333,0,0,0,0,2.08,0,0,0,0,0,2.08,18,1.37,2.03,0.35,2.74,0,0,0,0,-0.65,18,0.26,1.39,-0.66,0.87,0,0,0,0,25092104
9722,MATSU VICTOR (H472),1,7,1,2.54,0.722,0.383333333,0,0,0,0,2.08,0,0,0,0,0,2.08,18,1.37,2.03,0.35,2.74,0,0,0,0,-0.65,18,0.26,1.39,-0.66,0.87,0,0,0,0,25092104
14117,MEEPMEEP (H234),1,7,1,-1.12,-2.2013,-2.666666667,0,0,0,0,2.08,0,0,0,0,0,2.08,18,1.37,2.03,0.35,2.74,0,0,0,0,-0.65,18,0.26,1.39,-0.66,0.87,0,0,0,0,25092104
10123,PRINCE ALEX (G307),1,7,1,1.92,0.7964,-0.133333333,0,0,0,0,2.08,0,0,0,0,0,2.08,18,1.37,2.03,0.35,2.74,0,0,0,0,-0.65,18,0.26,1.39,-0.66,0.87,0,0,0,0,25092104
12754,STURDY RUBY (H207),1,7,1,1.11,-0.6746,-0.808333333,0,0,0,0,2.08,0,0,0,0,0,2.08,18,1.37,2.03,0.35,2.74,0,0,0,0,-0.65,18,0.26,1.39,-0.66,0.87,0,0,0,0,25092104
13279,SUNDAY'S SERENADE (J231),1,7,1,2.23,0.5837,0.125,0,0,0,0,2.08,0,0,0,0,0,2.08,18,1.37,2.03,0.35,2.74,0,0,0,0,-0.65,18,0.26,1.39,-0.66,0.87,0,0,0,0,25092104
11999,SUNSTRIDER (J168),1,7,1,3.79,1.9647,1.425,0,1,0,1,2.08,0,0,0,0,0,2.08,18,1.37,2.03,0.35,2.74,0,0,0,0,-0.65,18,0.26,1.39,-0.66,0.87,0,0,0,0,25092104
14799,SURE JOYFUL (G125),1,7,1,-4.1,-5.5943,-5.15,0,0,0,0,2.08,0,0,0,0,0,2.08,18,1.37,2.03,0.35,2.74,0,0,0,0,-0.65,18,0.26,1.39,-0.66,0.87,0,0,0,0,25092104
14409,THE AZURE (J227),1,7,1,0.21,-1.3693,-1.558333333,0,0,0,0,2.08,0,0,0,0,0,2.08,18,1.37,2.03,0.35,2.74,0,0,0,0,-0.65,18,0.26,1.39,-0.66,0.87,0,0,0,0,25092104
14407,THE AZURE (J227),1,7,1,3.07,1.4907,0.825,0,0,0,0,2.08,0,0,0,0,0,2.08,18,1.37,2.03,0.35,2.74,0,0,0,0,-0.65,18,0.26,1.39,-0.66,0.87,0,0,0,0,25092104
13958,WITH A SMILE (K136),1,7,1,0.67,-0.7813,-1.175,0,0,0,0,2.08,0,0,0,0,0,2.08,18,1.37,2.03,0.35,2.74,0,0,0,0,-0.65,18,0.26,1.39,-0.66,0.87,0,0,0,0,25092104
15679,WROTE A NEW PAGE (K226),1,7,1,2.91,1.0268,0.691666667,0,0,0,0,2.08,0,0,0,0,0,2.08,18,1.37,2.03,0.35,2.74,0,0,0,0,-0.65,18,0.26,1.39,-0.66,0.87,0,0,0,0,25092104
15321,WROTE A NEW PAGE (K226),1,7,1,5.76,3.8768,3.066666667,1,1,0,1,2.08,0,0,0,0,0,2.08,18,1.37,2.03,0.35,2.74,0,0,0,0,-0.65,18,0.26,1.39,-0.66,0.87,0,0,0,0,25092104
14612,AMAZING AWARD (J236),1,9,1,5.28,3.3222,2.208333333,0,1,0,1,-0.95,-0.67,0,0,0,0,-0.95,25,0.29,1.52,-0.81,2.22,0,0,0,0,-1.19,25,-0.75,1.43,-0.31,0.69,0,0,0,0,25092104
13488,CALIFORNIA STAR (J123),1,9,1,-5.57,-6.7663,-2.814814815,0,0,0,0,-0.95,-0.67,0,0,0,0,-0.95,25,0.29,1.52,-0.81,2.22,0,0,0,0,-1.19,25,-0.75,1.43,-0.31,0.69,0,0,0,0,25092104
7762,DEAL COMPLETED (J378),1,9,1,-5.51,-6.602,-2.787037037,0,0,0,0,-0.95,-0.67,0,0,0,0,-0.95,25,0.29,1.52,-0.81,2.22,0,0,0,0,-1.19,25,-0.75,1.43,-0.31,0.69,0,0,0,0,25092104
7339,DEVAS TWELVE (H435),1,9,1,1.96,0.3097,0.671296296,0,0,0,0,-0.95,-0.67,0,0,0,0,-0.95,25,0.29,1.52,-0.81,2.22,0,0,0,0,-1.19,25,-0.75,1.43,-0.31,0.69,0,0,0,0,25092104
6933,FIRST LOVE (J355),1,9,1,0.91,-1.0281,0.185185185,0,0,0,0,-0.95,-0.67,0,0,0,0,-0.95,25,0.29,1.52,-0.81,2.22,0,0,0,0,-1.19,25,-0.75,1.43,-0.31,0.69,0,0,0,0,25092104
7491,FLOOF (H432),1,9,1,-3.79,-4.9482,-1.990740741,0,0,0,0,-0.95,-0.67,0,0,0,0,-0.95,25,0.29,1.52,-0.81,2.22,0,0,0,0,-1.19,25,-0.75,1.43,-0.31,0.69,0,0,0,0,25092104
13893,HARMONY GALAXY (J266),1,9,1,2.31,1.2197,0.833333333,0,0,0,0,-0.95,-0.67,0,0,0,0,-0.95,25,0.29,1.52,-0.81,2.22,0,0,0,0,-1.19,25,-0.75,1.43,-0.31,0.69,0,0,0,0,25092104
10780,JOYFUL PROSPERITY (H213),1,9,1,0.05,-1.308,-0.212962963,0,0,0,0,-0.95,-0.67,0,0,0,0,-0.95,25,0.29,1.52,-0.81,2.22,0,0,0,0,-1.19,25,-0.75,1.43,-0.31,0.69,0,0,0,0,25092104
15536,KINGLY DEMEANOR (H486),1,9,1,-0.92,-2.7709,-0.662037037,0,0,0,0,-0.95,-0.67,0,0,0,0,-0.95,25,0.29,1.52,-0.81,2.22,0,0,0,0,-1.19,25,-0.75,1.43,-0.31,0.69,0,0,0,0,25092104
9356,LUCKY TOUCH (J203),1,9,1,0.92,-0.4145,0.189814815,0,0,0,0,-0.95,-0.67,0,0,0,0,-0.95,25,0.29,1.52,-0.81,2.22,0,0,0,0,-1.19,25,-0.75,1.43,-0.31,0.69,0,0,0,0,25092104
14115,MEEPMEEP (H234),1,9,1,-1.05,-2.1313,-0.722222222,0,0,0,0,-0.95,-0.67,0,0,0,0,-0.95,25,0.29,1.52,-0.81,2.22,0,0,0,0,-1.19,25,-0.75,1.43,-0.31,0.69,0,0,0,0,25092104
6467,PARTERRE (E234),1,9,1,-6.56,-8.443,-3.273148148,0,0,0,0,-0.95,-0.67,0,0,0,0,-0.95,25,0.29,1.52,-0.81,2.22,0,0,0,0,-1.19,25,-0.75,1.43,-0.31,0.69,0,0,0,0,25092104
10142,PRINCE ALEX (G307),1,9,1,-0.4,-1.5236,-0.421296296,0,0,0,0,-0.95,-0.67,0,0,0,0,-0.95,25,0.29,1.52,-0.81,2.22,0,0,0,0,-1.19,25,-0.75,1.43,-0.31,0.69,0,0,0,0,25092104
10604,SIGHT SUPREME (J258),1,9,1,-2.71,-4.6447,-1.490740741,0,0,0,0,-0.95,-0.67,0,0,0,0,-0.95,25,0.29,1.52,-0.81,2.22,0,0,0,0,-1.19,25,-0.75,1.43,-0.31,0.69,0,0,0,0,25092104
10616,SIGHT SUPREME (J258),1,9,1,-1.8,-3.7347,-1.069444444,0,0,0,0,-0.95,-0.67,0,0,0,0,-0.95,25,0.29,1.52,-0.81,2.22,0,0,0,0,-1.19,25,-0.75,1.43,-0.31,0.69,0,0,0,0,25092104
10640,SIGHT SUPREME (J258),1,9,1,4.55,2.6153,1.87037037,0,1,0,1,-0.95,-0.67,0,0,0,0,-0.95,25,0.29,1.52,-0.81,2.22,0,0,0,0,-1.19,25,-0.75,1.43,-0.31,0.69,0,0,0,0,25092104
11135,SOLID WIN (J225),1,9,1,-1.42,-3.336,-0.893518519,0,0,0,0,-0.95,-0.67,0,0,0,0,-0.95,25,0.29,1.52,-0.81,2.22,0,0,0,0,-1.19,25,-0.75,1.43,-0.31,0.69,0,0,0,0,25092104
8741,STURDY RUBY (H207),1,9,1,2.28,0.4954,0.819444444,0,0,0,0,-0.95,-0.67,0,0,0,0,-0.95,25,0.29,1.52,-0.81,2.22,0,0,0,0,-1.19,25,-0.75,1.43,-0.31,0.69,0,0,0,0,25092104
14081,SUNDAY'S SERENADE (J231),1,9,1,5.77,4.1237,2.435185185,0,1,0,1,-0.95,-0.67,0,0,0,0,-0.95,25,0.29,1.52,-0.81,2.22,0,0,0,0,-1.19,25,-0.75,1.43,-0.31,0.69,0,0,0,0,25092104
12009,SUNSTRIDER (J168),1,9,1,-0.97,-2.7953,-0.685185185,0,0,0,0,-0.95,-0.67,0,0,0,0,-0.95,25,0.29,1.52,-0.81,2.22,0,0,0,0,-1.19,25,-0.75,1.43,-0.31,0.69,0,0,0,0,25092104
10945,THE AZURE (J227),1,9,1,-2.8,-4.3793,-1.532407407,0,0,0,0,-0.95,-0.67,0,0,0,0,-0.95,25,0.29,1.52,-0.81,2.22,0,0,0,0,-1.19,25,-0.75,1.43,-0.31,0.69,0,0,0,0,25092104
6898,VOLCANIC SPARK (H388),1,9,1,-4.7,-6.8291,-2.412037037,0,0,0,0,-0.95,-0.67,0,0,0,0,-0.95,25,0.29,1.52,-0.81,2.22,0,0,0,0,-1.19,25,-0.75,1.43,-0.31,0.69,0,0,0,0,25092104
13213,MONARCH COUNTY (J421),1,10,1,8.4,6.5567,-0.015772871,0,0,0,0,5.59,-0.9,0,0,0,0,5.59,16,2.19,3.32,1.02,4.53,0,1,1,0,7.14,17,0.26,2.77,2.49,2.67,0,1,1,1,25092104
11557,PARENTS' LOVE (H405),1,10,1,2.78,0.86,-1.788643533,0,0,0,0,5.59,-0.9,0,0,0,0,5.59,16,2.19,3.32,1.02,4.53,0,1,1,0,7.14,17,0.26,2.77,2.49,2.67,0,1,1,1,25092104
15436,CAPITAL LEGEND (G333),1,11,1,-4.97,-6.7748,-8.349514563,0,0,0,0,3.63,0,0,0,0,0,3.63,26,0.97,2.31,1.15,3.16,0,1,1,0,0.51,27,-0.5,1.3,0.78,0.49,0,1,1,1,25092104
15435,CAPITAL LEGEND (G333),1,11,1,3.79,1.9852,0.155339806,0,0,0,0,3.63,0,0,0,0,0,3.63,26,0.97,2.31,1.15,3.16,0,1,1,0,0.51,27,-0.5,1.3,0.78,0.49,0,1,1,1,25092104
8884,CAPITAL LEGEND (G333),1,11,1,7.15,5.3452,3.417475728,1,1,0,1,3.63,0,0,0,0,0,3.63,26,0.97,2.31,1.15,3.16,0,1,1,0,0.51,27,-0.5,1.3,0.78,0.49,0,1,1,1,25092104
11309,FORTUNE WHISKEY (J153),1,11,1,-3.18,-4.422,-6.611650485,0,0,0,0,3.63,0,0,0,0,0,3.63,26,0.97,2.31,1.15,3.16,0,1,1,0,0.51,27,-0.5,1.3,0.78,0.49,0,1,1,1,25092104
12591,GUSTOSISIMO (J303),1,11,1,4.73,2.7196,1.067961165,0,1,0,1,3.63,0,0,0,0,0,3.63,26,0.97,2.31,1.15,3.16,0,1,1,0,0.51,27,-0.5,1.3,0.78,0.49,0,1,1,1,25092104
15557,HAROLD WIN (J280),1,11,1,3.92,2.0974,0.281553398,0,1,0,1,3.63,0,0,0,0,0,3.63,26,0.97,2.31,1.15,3.16,0,1,1,0,0.51,27,-0.5,1.3,0.78,0.49,0,1,1,1,25092104
9107,PRINCE ALEX (G307),1,11,1,4.41,3.2864,0.757281553,0,1,0,1,3.63,0,0,0,0,0,3.63,26,0.97,2.31,1.15,3.16,0,1,1,0,0.51,27,-0.5,1.3,0.78,0.49,0,1,1,1,25092104
12521,SAME TO YOU (H057),1,11,1,5.06,3.7939,1.388349515,0,1,0,1,3.63,0,0,0,0,0,3.63,26,0.97,2.31,1.15,3.16,0,1,1,0,0.51,27,-0.5,1.3,0.78,0.49,0,1,1,1,25092104
14951,STERLING WONGCHOY (H273),1,11,1,2.55,0.5095,-1.048543689,0,0,0,0,3.63,0,0,0,0,0,3.63,26,0.97,2.31,1.15,3.16,0,1,1,0,0.51,27,-0.5,1.3,0.78,0.49,0,1,1,1,25092104
13274,SUNDAY'S SERENADE (J231),1,11,1,-2.67,-4.3163,-6.116504854,0,0,0,0,3.63,0,0,0,0,0,3.63,26,0.97,2.31,1.15,3.16,0,1,1,0,0.51,27,-0.5,1.3,0.78,0.49,0,1,1,1,25092104
11992,SUNSTRIDER (J168),1,11,1,-2.05,-3.8753,-5.514563107,0,0,0,0,3.63,0,0,0,0,0,3.63,26,0.97,2.31,1.15,3.16,0,1,1,0,0.51,27,-0.5,1.3,0.78,0.49,0,1,1,1,25092104
14806,SURE JOYFUL (G125),1,11,1,0.99,-0.5043,-2.563106796,0,0,0,0,3.63,0,0,0,0,0,3.63,26,0.97,2.31,1.15,3.16,0,1,1,0,0.51,27,-0.5,1.3,0.78,0.49,0,1,1,1,25092104
8316,SURE JOYFUL (G125),1,11,1,10.17,8.6757,6.349514563,1,1,0,1,3.63,0,0,0,0,0,3.63,26,0.97,2.31,1.15,3.16,0,1,1,0,0.51,27,-0.5,1.3,0.78,0.49,0,1,1,1,25092104
14416,THE AZURE (J227),1,11,1,-4.87,-6.4493,-8.252427184,0,0,0,0,3.63,0,0,0,0,0,3.63,26,0.97,2.31,1.15,3.16,0,1,1,0,0.51,27,-0.5,1.3,0.78,0.49,0,1,1,1,25092104
11944,THE BOOM BOX (K076),1,11,1,3.63,1.9464,0,0,0,0,0,3.63,0,0,0,0,0,3.63,26,0.97,2.31,1.15,3.16,0,1,1,0,0.51,27,-0.5,1.3,0.78,0.49,0,1,1,1,25092104
15437,CAPITAL LEGEND (G333),1,12,1,1.42,-0.3848,-0.935483871,0,0,0,0,-0.93,-2.83,0,0,0,0,-0.93,27,1.31,2.44,-0.92,3.23,0,0,0,0,-0.77,27,-0.49,1.9,-0.14,1.1,0,0,0,0,25092104
8206,CHARMANDER (G437),1,12,1,-3.29,-4.5903,-4.733870968,0,0,0,0,-0.93,-2.83,0,0,0,0,-0.93,27,1.31,2.44,-0.92,3.23,0,0,0,0,-0.77,27,-0.49,1.9,-0.14,1.1,0,0,0,0,25092104
11354,FIREFOOT (J183),1,12,1,-1.86,-2.4641,-3.580645161,0,0,0,0,-0.93,-2.83,0,0,0,0,-0.93,27,1.31,2.44,-0.92,3.23,0,0,0,0,-0.77,27,-0.49,1.9,-0.14,1.1,0,0,0,0,25092104
16310,FOREVER FOLKS (G463),1,12,1,3.83,1.8284,1.008064516,0,1,0,1,-0.93,-2.83,0,0,0,0,-0.93,27,1.31,2.44,-0.92,3.23,0,0,0,0,-0.77,27,-0.49,1.9,-0.14,1.1,0,0,0,0,25092104
13801,GOOD LUCK BABE (K016),1,12,1,1.25,-0.6251,-1.072580645,0,0,0,0,-0.93,-2.83,0,0,0,0,-0.93,27,1.31,2.44,-0.92,3.23,0,0,0,0,-0.77,27,-0.49,1.9,-0.14,1.1,0,0,0,0,25092104
13805,GOOD LUCK BABE (K016),1,12,1,6,4.1249,2.758064516,1,1,0,1,-0.93,-2.83,0,0,0,0,-0.93,27,1.31,2.44,-0.92,3.23,0,0,0,0,-0.77,27,-0.49,1.9,-0.14,1.1,0,0,0,0,25092104
13881,HARMONY GALAXY (J266),1,12,1,-1.74,-2.8303,-3.483870968,0,0,0,0,-0.93,-2.83,0,0,0,0,-0.93,27,1.31,2.44,-0.92,3.23,0,0,0,0,-0.77,27,-0.49,1.9,-0.14,1.1,0,0,0,0,25092104
15530,KINGLY DEMEANOR (H486),1,12,1,-2.6,-4.4509,-4.177419355,0,0,0,0,-0.93,-2.83,0,0,0,0,-0.93,27,1.31,2.44,-0.92,3.23,0,0,0,0,-0.77,27,-0.49,1.9,-0.14,1.1,0,0,0,0,25092104
15533,KINGLY DEMEANOR (H486),1,12,1,-0.93,-2.7809,-2.830645161,0,0,0,0,-0.93,-2.83,0,0,0,0,-0.93,27,1.31,2.44,-0.92,3.23,0,0,0,0,-0.77,27,-0.49,1.9,-0.14,1.1,0,0,0,0,25092104
13826,MR COOL (K184),1,12,1,1.16,-0.9311,-1.14516129,0,0,0,0,-0.93,-2.83,0,0,0,0,-0.93,27,1.31,2.44,-0.92,3.23,0,0,0,0,-0.77,27,-0.49,1.9,-0.14,1.1,0,0,0,0,25092104
10955,THE AZURE (J227),1,12,1,-1.33,-2.9093,-3.153225806,0,0,0,0,-0.93,-2.83,0,0,0,0,-0.93,27,1.31,2.44,-0.92,3.23,0,0,0,0,-0.77,27,-0.49,1.9,-0.14,1.1,0,0,0,0,25092104
14421,THE AZURE (J227),1,12,1,6.49,4.9107,3.153225806,1,1,0,1,-0.93,-2.83,0,0,0,0,-0.93,27,1.31,2.44,-0.92,3.23,0,0,0,0,-0.77,27,-0.49,1.9,-0.14,1.1,0,0,0,0,25092104
16210,VIVA GRACIOUSNESS (J079),1,12,1,-2.36,-3.8588,-3.983870968,0,0,0,0,-0.93,-2.83,0,0,0,0,-0.93,27,1.31,2.44,-0.92,3.23,0,0,0,0,-0.77,27,-0.49,1.9,-0.14,1.1,0,0,0,0,25092104
11756,AMAZING AWARD (J236),1,13,1,3.02,1.0622,-2.059701493,0,0,0,0,3.35,-1.57,0,0,0,0,3.35,11,2.05,4.62,0.28,5.7,0,0,0,0,1.72,11,-0.46,2.62,0.83,2.19,0,0,0,0,25092104
8821,D STAR (G374),1,13,1,3.35,2.9582,-1.567164179,0,0,0,0,3.35,-1.57,0,0,0,0,3.35,11,2.05,4.62,0.28,5.7,0,0,0,0,1.72,11,-0.46,2.62,0.83,2.19,0,0,0,0,25092104
12938,EXCELLENCE VALUE (K093),1,13,1,4.66,2.6807,0.388059701,0,0,0,0,3.35,-1.57,0,0,0,0,3.35,11,2.05,4.62,0.28,5.7,0,0,0,0,1.72,11,-0.46,2.62,0.83,2.19,0,0,0,0,25092104
11342,FIREFOOT (J183),1,13,1,2.04,1.4359,-3.52238806,0,0,0,0,3.35,-1.57,0,0,0,0,3.35,11,2.05,4.62,0.28,5.7,0,0,0,0,1.72,11,-0.46,2.62,0.83,2.19,0,0,0,0,25092104
16304,FOREVER FOLKS (G463),1,13,1,4.76,2.7584,0.537313433,0,0,0,0,3.35,-1.57,0,0,0,0,3.35,11,2.05,4.62,0.28,5.7,0,0,0,0,1.72,11,-0.46,2.62,0.83,2.19,0,0,0,0,25092104
13868,HARMONY GALAXY (J266),1,13,1,3.4,2.3097,-1.492537313,0,0,0,0,3.35,-1.57,0,0,0,0,3.35,11,2.05,4.62,0.28,5.7,0,0,0,0,1.72,11,-0.46,2.62,0.83,2.19,0,0,0,0,25092104
9651,LOVERO (H451),1,13,1,0.87,-0.6628,-5.268656716,0,0,0,0,3.35,-1.57,0,0,0,0,3.35,11,2.05,4.62,0.28,5.7,0,0,0,0,1.72,11,-0.46,2.62,0.83,2.19,0,0,0,0,25092104
9348,LUCKY TOUCH (J203),1,13,1,3.09,1.7555,-1.955223881,0,0,0,0,3.35,-1.57,0,0,0,0,3.35,11,2.05,4.62,0.28,5.7,0,0,0,0,1.72,11,-0.46,2.62,0.83,2.19,0,0,0,0,25092104
16582,VIVA GRACIOUSNESS (J079),1,13,1,6.92,5.4212,3.76119403,1,1,0,1,3.35,-1.57,0,0,0,0,3.35,11,2.05,4.62,0.28,5.7,0,0,0,0,1.72,11,-0.46,2.62,0.83,2.19,0,0,0,0,25092104
14613,AMAZING AWARD (J236),1,1,2,9.17,7.2122,2.234741784,0,1,0,1,2.97,-0.67,0,0,0,0,2.97,23,1.19,2.65,0.67,2.65,0,1,1,0,2.8,23,-0.73,2.22,1.59,1.54,0,1,1,1,25092104
13487,CALIFORNIA STAR (J123),1,1,2,-1.68,-2.8763,-2.85915493,0,0,0,0,2.97,-0.67,0,0,0,0,2.97,23,1.19,2.65,0.67,2.65,0,1,1,0,2.8,23,-0.73,2.22,1.59,1.54,0,1,1,1,25092104
7761,DEAL COMPLETED (J378),1,1,2,-1.62,-2.712,-2.830985915,0,0,0,0,2.97,-0.67,0,0,0,0,2.97,23,1.19,2.65,0.67,2.65,0,1,1,0,2.8,23,-0.73,2.22,1.59,1.54,0,1,1,1,25092104
7336,DEVAS TWELVE (H435),1,1,2,5.85,4.1997,0.676056338,0,0,0,0,2.97,-0.67,0,0,0,0,2.97,23,1.19,2.65,0.67,2.65,0,1,1,0,2.8,23,-0.73,2.22,1.59,1.54,0,1,1,1,25092104
6931,FIRST LOVE (J355),1,1,2,4.8,2.8619,0.183098592,0,0,0,0,2.97,-0.67,0,0,0,0,2.97,23,1.19,2.65,0.67,2.65,0,1,1,0,2.8,23,-0.73,2.22,1.59,1.54,0,1,1,1,25092104
7484,FLOOF (H432),1,1,2,0.1,-1.0582,-2.023474178,0,0,0,0,2.97,-0.67,0,0,0,0,2.97,23,1.19,2.65,0.67,2.65,0,1,1,0,2.8,23,-0.73,2.22,1.59,1.54,0,1,1,1,25092104
10787,JOYFUL PROSPERITY (H213),1,1,2,3.94,2.582,-0.220657277,0,0,0,0,2.97,-0.67,0,0,0,0,2.97,23,1.19,2.65,0.67,2.65,0,1,1,0,2.8,23,-0.73,2.22,1.59,1.54,0,1,1,1,25092104
15546,KINGLY DEMEANOR (H486),1,1,2,2.97,1.1191,-0.676056338,0,0,0,0,2.97,-0.67,0,0,0,0,2.97,23,1.19,2.65,0.67,2.65,0,1,1,0,2.8,23,-0.73,2.22,1.59,1.54,0,1,1,1,25092104
9354,LUCKY TOUCH (J203),1,1,2,4.81,3.4755,0.187793427,0,0,0,0,2.97,-0.67,0,0,0,0,2.97,23,1.19,2.65,0.67,2.65,0,1,1,0,2.8,23,-0.73,2.22,1.59,1.54,0,1,1,1,25092104
14122,MEEPMEEP (H234),1,1,2,2.84,1.7587,-0.737089202,0,0,0,0,2.97,-0.67,0,0,0,0,2.97,23,1.19,2.65,0.67,2.65,0,1,1,0,2.8,23,-0.73,2.22,1.59,1.54,0,1,1,1,25092104
10143,PRINCE ALEX (G307),1,1,2,3.49,2.3664,-0.431924883,0,0,0,0,2.97,-0.67,0,0,0,0,2.97,23,1.19,2.65,0.67,2.65,0,1,1,0,2.8,23,-0.73,2.22,1.59,1.54,0,1,1,1,25092104
10603,SIGHT SUPREME (J258),1,1,2,1.18,-0.7547,-1.516431925,0,0,0,0,2.97,-0.67,0,0,0,0,2.97,23,1.19,2.65,0.67,2.65,0,1,1,0,2.8,23,-0.73,2.22,1.59,1.54,0,1,1,1,25092104
10622,SIGHT SUPREME (J258),1,1,2,2.09,0.1553,-1.089201878,0,0,0,0,2.97,-0.67,0,0,0,0,2.97,23,1.19,2.65,0.67,2.65,0,1,1,0,2.8,23,-0.73,2.22,1.59,1.54,0,1,1,1,25092104
10637,SIGHT SUPREME (J258),1,1,2,8.44,6.5053,1.892018779,0,1,0,1,2.97,-0.67,0,0,0,0,2.97,23,1.19,2.65,0.67,2.65,0,1,1,0,2.8,23,-0.73,2.22,1.59,1.54,0,1,1,1,25092104
11137,SOLID WIN (J225),1,1,2,2.47,0.554,-0.910798122,0,0,0,0,2.97,-0.67,0,0,0,0,2.97,23,1.19,2.65,0.67,2.65,0,1,1,0,2.8,23,-0.73,2.22,1.59,1.54,0,1,1,1,25092104
8742,STURDY RUBY (H207),1,1,2,6.17,4.3854,0.82629108,0,0,0,0,2.97,-0.67,0,0,0,0,2.97,23,1.19,2.65,0.67,2.65,0,1,1,0,2.8,23,-0.73,2.22,1.59,1.54,0,1,1,1,25092104
14080,SUNDAY'S SERENADE (J231),1,1,2,9.66,8.0137,2.464788732,0,1,0,1,2.97,-0.67,0,0,0,0,2.97,23,1.19,2.65,0.67,2.65,0,1,1,0,2.8,23,-0.73,2.22,1.59,1.54,0,1,1,1,25092104
12001,SUNSTRIDER (J168),1,1,2,2.92,1.0947,-0.699530516,0,0,0,0,2.97,-0.67,0,0,0,0,2.97,23,1.19,2.65,0.67,2.65,0,1,1,0,2.8,23,-0.73,2.22,1.59,1.54,0,1,1,1,25092104
6905,VOLCANIC SPARK (H388),1,1,2,-0.81,-2.9391,-2.450704225,0,0,0,0,2.97,-0.67,0,0,0,0,2.97,23,1.19,2.65,0.67,2.65,0,1,1,0,2.8,23,-0.73,2.22,1.59,1.54,0,1,1,1,25092104
13788,GOOD LUCK BABE (K016),1,2,2,-3.89,-5.7651,-3.350318471,0,0,0,0,0.6,-0.49,0,0,0,0,0.6,19,0.74,1.5,-0.1,1.74,0,0,0,0,-1.16,19,-0.86,1.5,-0.2,0.27,0,0,0,0,25092104
15554,KINGLY DEMEANOR (H486),1,2,2,1.49,-0.3609,0.076433121,0,0,0,0,0.6,-0.49,0,0,0,0,0.6,19,0.74,1.5,-0.1,1.74,0,0,0,0,-1.16,19,-0.86,1.5,-0.2,0.27,0,0,0,0,25092104
9669,LOVERO (H451),1,2,2,-6.01,-7.5428,-4.700636943,0,0,0,0,0.6,-0.49,0,0,0,0,0.6,19,0.74,1.5,-0.1,1.74,0,0,0,0,-1.16,19,-0.86,1.5,-0.2,0.27,0,0,0,0,25092104
12917,NICE BIRDIE (G470),1,2,2,2.55,0.5179,0.751592357,0,1,0,1,0.6,-0.49,0,0,0,0,0.6,19,0.74,1.5,-0.1,1.74,0,0,0,0,-1.16,19,-0.86,1.5,-0.2,0.27,0,0,0,0,25092104
12724,SERANGOON (H296),1,2,2,4.85,3.0177,2.21656051,0,1,0,1,0.6,-0.49,0,0,0,0,0.6,19,0.74,1.5,-0.1,1.74,0,0,0,0,-1.16,19,-0.86,1.5,-0.2,0.27,0,0,0,0,25092104
11997,SUNSTRIDER (J168),1,2,2,-0.91,-2.7353,-1.452229299,0,0,0,0,0.6,-0.49,0,0,0,0,0.6,19,0.74,1.5,-0.1,1.74,0,0,0,0,-1.16,19,-0.86,1.5,-0.2,0.27,0,0,0,0,25092104
13253,WINDICATOR FAMILY (H419),1,2,2,1.99,-0.1425,0.394904459,0,0,0,0,0.6,-0.49,0,0,0,0,0.6,19,0.74,1.5,-0.1,1.74,0,0,0,0,-1.16,19,-0.86,1.5,-0.2,0.27,0,0,0,0,25092104
15677,WROTE A NEW PAGE (K226),1,2,2,-0.3,-2.1832,-1.063694268,0,0,0,0,0.6,-0.49,0,0,0,0,0.6,19,0.74,1.5,-0.1,1.74,0,0,0,0,-1.16,19,-0.86,1.5,-0.2,0.27,0,0,0,0,25092104
11746,AMAZING AWARD (J236),1,3,2,2.36,0.4022,-0.128571429,0,0,0,0,2.45,0,0,0,0,0,2.45,9,2.54,3.45,-0.03,4.86,0,0,0,0,0.31,12,1.38,3.78,-0.28,4.97,0,0,0,0,25092104
7917,HAPPY HERO (G322),1,3,2,0.69,-1.3912,-2.514285714,0,0,0,0,2.45,0,0,0,0,0,2.45,9,2.54,3.45,-0.03,4.86,0,0,0,0,0.31,12,1.38,3.78,-0.28,4.97,0,0,0,0,25092104
6567,NORTHERN BEAST (H233),1,3,2,4.01,2.7892,2.228571429,0,1,0,1,2.45,0,0,0,0,0,2.45,9,2.54,3.45,-0.03,4.86,0,0,0,0,0.31,12,1.38,3.78,-0.28,4.97,0,0,0,0,25092104
8716,STURDY RUBY (H207),1,3,2,2.11,0.3254,-0.485714286,0,0,0,0,2.45,0,0,0,0,0,2.45,9,2.54,3.45,-0.03,4.86,0,0,0,0,0.31,12,1.38,3.78,-0.28,4.97,0,0,0,0,25092104
12758,STURDY RUBY (H207),1,3,2,2.54,0.7554,0.128571429,0,0,0,0,2.45,0,0,0,0,0,2.45,9,2.54,3.45,-0.03,4.86,0,0,0,0,0.31,12,1.38,3.78,-0.28,4.97,0,0,0,0,25092104
7536,SUGAR BALL (H394),1,3,2,7.04,4.9282,6.557142857,1,1,0,1,2.45,0,0,0,0,0,2.45,9,2.54,3.45,-0.03,4.86,0,0,0,0,0.31,12,1.38,3.78,-0.28,4.97,0,0,0,0,25092104
16219,VIVA GRACIOUSNESS (J079),1,3,2,1.42,-0.0788,-1.471428571,0,0,0,0,2.45,0,0,0,0,0,2.45,9,2.54,3.45,-0.03,4.86,0,0,0,0,0.31,12,1.38,3.78,-0.28,4.97,0,0,0,0,25092104
16217,VIVA GRACIOUSNESS (J079),1,3,2,4.27,2.7712,2.6,1,1,0,1,2.45,0,0,0,0,0,2.45,9,2.54,3.45,-0.03,4.86,0,0,0,0,0.31,12,1.38,3.78,-0.28,4.97,0,0,0,0,25092104
14603,AMAZING AWARD (J236),1,4,2,-1.24,-3.1978,-1.544554455,0,0,0,0,-2.48,-2.78,0,0,0,0,-2.48,22,0.78,2.04,-1.6,2.17,0,0,0,0,-2.78,24,-0.09,2.13,-1.26,1.73,0,0,0,0,25092104
15442,CAPITAL LEGEND (G333),1,4,2,-0.32,-2.1248,-0.633663366,0,0,0,0,-2.48,-2.78,0,0,0,0,-2.48,22,0.78,2.04,-1.6,2.17,0,0,0,0,-2.78,24,-0.09,2.13,-1.26,1.73,0,0,0,0,25092104
16248,FIGHT TIME (H409),1,4,2,-6.13,-7.8453,-6.386138614,0,0,0,0,-2.48,-2.78,0,0,0,0,-2.48,22,0.78,2.04,-1.6,2.17,0,0,0,0,-2.78,24,-0.09,2.13,-1.26,1.73,0,0,0,0,25092104
13890,HARMONY GALAXY (J266),1,4,2,2.05,0.9597,1.712871287,0,1,0,1,-2.48,-2.78,0,0,0,0,-2.48,22,0.78,2.04,-1.6,2.17,0,0,0,0,-2.78,24,-0.09,2.13,-1.26,1.73,0,0,0,0,25092104
7803,HAROLD WIN (J280),1,4,2,-7.57,-9.3926,-7.811881188,0,0,0,0,-2.48,-2.78,0,0,0,0,-2.48,22,0.78,2.04,-1.6,2.17,0,0,0,0,-2.78,24,-0.09,2.13,-1.26,1.73,0,0,0,0,25092104
14043,ICONICAL (J504),1,4,2,-2.85,-4.4233,-3.138613861,0,0,0,0,-2.48,-2.78,0,0,0,0,-2.48,22,0.78,2.04,-1.6,2.17,0,0,0,0,-2.78,24,-0.09,2.13,-1.26,1.73,0,0,0,0,25092104
14114,MEEPMEEP (H234),1,4,2,-5.95,-7.0313,-6.207920792,0,0,0,0,-2.48,-2.78,0,0,0,0,-2.48,22,0.78,2.04,-1.6,2.17,0,0,0,0,-2.78,24,-0.09,2.13,-1.26,1.73,0,0,0,0,25092104
13218,MONARCH COUNTY (J421),1,4,2,-6.29,-8.1333,-6.544554455,0,0,0,0,-2.48,-2.78,0,0,0,0,-2.48,22,0.78,2.04,-1.6,2.17,0,0,0,0,-2.78,24,-0.09,2.13,-1.26,1.73,0,0,0,0,25092104
7840,PRESTIGE ALWAYS (J300),1,4,2,-1.11,-2.8143,-1.415841584,0,0,0,0,-2.48,-2.78,0,0,0,0,-2.48,22,0.78,2.04,-1.6,2.17,0,0,0,0,-2.78,24,-0.09,2.13,-1.26,1.73,0,0,0,0,25092104
10612,SIGHT SUPREME (J258),1,4,2,-2.11,-4.0447,-2.405940594,0,0,0,0,-2.48,-2.78,0,0,0,0,-2.48,22,0.78,2.04,-1.6,2.17,0,0,0,0,-2.78,24,-0.09,2.13,-1.26,1.73,0,0,0,0,25092104
10633,SIGHT SUPREME (J258),1,4,2,6.77,4.8353,6.386138614,1,1,0,1,-2.48,-2.78,0,0,0,0,-2.48,22,0.78,2.04,-1.6,2.17,0,0,0,0,-2.78,24,-0.09,2.13,-1.26,1.73,0,0,0,0,25092104
10754,SKY JOY (K026),1,4,2,-6.82,-7.569,-7.069306931,0,0,0,0,-2.48,-2.78,0,0,0,0,-2.48,22,0.78,2.04,-1.6,2.17,0,0,0,0,-2.78,24,-0.09,2.13,-1.26,1.73,0,0,0,0,25092104
11139,SOLID WIN (J225),1,4,2,0.8,-1.116,0.475247525,0,0,0,0,-2.48,-2.78,0,0,0,0,-2.48,22,0.78,2.04,-1.6,2.17,0,0,0,0,-2.78,24,-0.09,2.13,-1.26,1.73,0,0,0,0,25092104
10942,THE AZURE (J227),1,4,2,-3.06,-4.6393,-3.346534653,0,0,0,0,-2.48,-2.78,0,0,0,0,-2.48,22,0.78,2.04,-1.6,2.17,0,0,0,0,-2.78,24,-0.09,2.13,-1.26,1.73,0,0,0,0,25092104
13972,WITH A SMILE (K136),1,4,2,-7.71,-9.1613,-7.95049505,0,0,0,0,-2.48,-2.78,0,0,0,0,-2.48,22,0.78,2.04,-1.6,2.17,0,0,0,0,-2.78,24,-0.09,2.13,-1.26,1.73,0,0,0,0,25092104
13955,WITH A SMILE (K136),1,4,2,1.24,-0.2113,0.910891089,0,1,0,1,-2.48,-2.78,0,0,0,0,-2.48,22,0.78,2.04,-1.6,2.17,0,0,0,0,-2.78,24,-0.09,2.13,-1.26,1.73,0,0,0,0,25092104
14362,MASTEROFMYUNIVERSE (J325),1,5,2,2.04,0.0407,-2.369565217,0,0,0,0,2.94,-1.39,0,0,0,0,2.94,7,3.29,0.64,-0.54,5.66,0,0,0,0,1.31,8,2.15,1.86,-0.45,3.55,0,0,0,0,25092104
10515,MICKLEY (K082),1,5,2,3.84,1.8108,-0.413043478,0,0,0,0,2.94,-1.39,0,0,0,0,2.94,7,3.29,0.64,-0.54,5.66,0,0,0,0,1.31,8,2.15,1.86,-0.45,3.55,0,0,0,0,25092104
16236,FIGHT TIME (H409),1,6,2,1.49,-0.2253,-1.284974093,0,0,0,0,1.59,-1.23,0,0,0,0,1.59,21,2.09,2.97,-0.17,4.54,0,0,0,0,1.26,21,0.72,1.32,0.41,2.94,0,0,0,0,25092104
